1,google.com
2,youtube.com
3,facebook.com
4,baidu.com
5,wikipedia.org
7,tmall.com
8,taobao.com
10,sohu.com
11,twitter.com
12,jd.com
13,amazon.com
15,yandex.ru
16,weibo.com
17,instagram.com
18,sina.com.cn
19,login.tmall.com
20,360.cn
21,reddit.com
22,linkedin.com
23,blogspot.com
24,netflix.com
25,yahoo.co.jp
27,pages.tmall.com
28,twitch.tv
29,mail.ru
32,vk.com
33,microsoft.com
34,google.co.in
35,t.co
36,aliexpress.com
39,alipay.com
40,naver.com
41,google.com.hk
42,office.com
43,github.com
44,stackoverflow.com
45,ebay.com
46,tribunnews.com
47,bing.com
49,wordpress.com
52,whatsapp.com
53,bilibili.com
54,paypal.com
56,amazon.co.jp
58,adobe.com
59,apple.com
61,xinhuanet.com
62,imgur.com
64,pinterest.com
67,babytree.com
69,quora.com
70,dropbox.com
71,amazon.in
72,detail.tmall.com
73,fbcdn.net
74,hao123.com
75,instructure.com
77,fandom.com
78,amazon.de
79,tumblr.com
80,okezone.com
81,popads.net
82,tianya.cn
83,amazonaws.com
84,pixnet.net
85,soso.com
86,salesforce.com
87,force.com
88,booking.com
89,google.co.uk
90,thestartmagazine.com
91,bbc.com
92,aparat.com
93,detik.com
94,gmw.cn
95,amazon.co.uk
96,ettoday.net
97,bbc.co.uk
99,rakuten.co.jp
100,cnn.com
101,stackexchange.com
102,onlinesbi.com
104,zhihu.com
105,spotify.com
106,so.com
107,nih.gov
108,iqiyi.com
110,panda.tv
111,mozilla.org
112,china.com.cn
